Type,Product,Variant,SKU,Parts,Making cost,Packaging,Price,Note
Bouquets,Sunflower Crochet Bouquet,1 sunflower,BQ_SF_1,1 sunflower,50,30,239,
Bouquets,Sunflower Crochet Bouquet,2 sunflowers,BQ_SF_2,2 sunflower,100,30,389,
Bouquets,Sunflower Crochet Bouquet,3 sunflowers,BQ_SF_3,3 sunflower,150,30,539,
Bouquets,Single Rose Crochet Bouquet,Red,BQ_RS_Red_1,1 rose,50,30,239,
Bouquets,Single Rose Crochet Bouquet,Pink,BQ_RS_Pink_1,1 rose,50,30,239,
Bouquets,Single Rose Crochet Bouquet,Yellow,BQ_RS_Yellow_1,1 rose,50,30,239,
Bouquets,Rose Trio Crochet Bouquet,Red,BQ_RS_Red_3,3 rose,150,30,539,
Bouquets,Rose Trio Crochet Bouquet,Yellow,BQ_RS_Yellow_3,3 rose,150,30,539,
Bouquets,Rose Trio Crochet Bouquet,Mixed,BQ_RS_Mix_3,3 rose,150,30,539,
Bouquets,Red Rose Duo Crochet Bouquet,,BQ_RS_Red_2,2 rose,100,30,389,
Bouquets,Single Tulip Crochet Bouquet,Pink,BQ_TLP_Pink_1,1 tulip,45,30,229,
Bouquets,Single Tulip Crochet Bouquet,Blue,BQ_TLP_Blue_1,1 tulip,45,30,229,
Bouquets,Single Tulip Crochet Bouquet,Lavender,BQ_TLP_Lvndr_1,1 tulip,45,30,229,
Bouquets,Single Tulip Crochet Bouquet,White,BQ_TLP_White_1,1 tulip,45,30,229,
Bouquets,Daisy Crochet Bouquet,,BQ_DSY_1,1 daisy,50,30,239,
Bouquets,Blue Tulip Crochet Bouquet,Daisy,BQ_TLP_Blue_2_DSY_1,2 tulip + 1 daisy,140,30,509,
Bouquets,Blue Tulip Crochet Bouquet,White tulip,BQ_TLP_Blue_2_White_1,3 tulip,135,30,499,
Bouquets,Blue Tulip Crochet Bouquet,Yellow rose,BQ_TLP_Blue_2_RS_Yellow_1,2 tulip + 1 rose,140,30,509,
Bouquets,Blue Tulip Crochet Bouquet,Pink rose,BQ_TLP_Blue_2_RS_Pink_1,2 tulip + 1 rose,140,30,509,
Bouquets,Pink Tulips & Daisy Crochet Bouquet,,BQ_TLP_Pink_2_DSY_1,2 tulip + 1 daisy,140,30,509,
Bouquets,Pastel Tulip Trio Crochet Bouquet,,BQ_TLP_Pink_2_Lvndr_1,3 tulip,135,30,499,
Bouquets,"Sunflower, Daisy & Bee Crochet Bouquet",,BQ_SF_1_DSY_1_BEE_1,1 sunflower + 1 daisy + 1 bee,145,30,529,
Bouquets,Sunflower & Roses Crochet Bouquet,,BQ_SF_1_RS_Red_1_Yellow_1,1 sunflower + 2 rose,150,30,539,
Keychains,Sunflower Crochet Keychain,,KC_SF_1,1 flower keychain,15,15,89,
Keychains,Daisy Crochet Keychain,White,KC_DSY_1,1 flower keychain,15,15,89,
Keychains,Daisy Crochet Keychain,Blue,KC_DSY_Blue_1,1 flower keychain,15,15,89,
Keychains,Evil Eye Crochet Keychain,,KC_Evil_1,1 evil eye keychain,30,15,139,
Keychains,Peacock Feather Crochet Keychain,,KC_Mor_1,1 peacock feather keychain,25,15,119,
Keychains,Bee Crochet Keychain,,KC_BEE_1,1 bee,45,15,179,
Keychains,Chick Crochet Keychain,,KC_CHK_1,1 chick keychain,55,15,209,
Keychains,Sunflower & Daisy Keychain Set,,KC_SF_1_DSY_1,2 flower keychain,30,15,139,
Keychains,Sunflower & Evil Eye Keychain Set,,KC_SF_1_Evil_1,1 flower keychain + 1 evil eye keychain,45,15,179,
Keychains,Bee & Chick Keychain Pair,,KC_Chick_1_Bee_1,1 bee + 1 chick keychain,100,15,349,
Keychains,"Sunflower, Daisy & Evil Eye Keychain Set",,KC_SF_1_DSY_1_Evil_1,2 flower keychain + 1 evil eye keychain,60,15,229,
Keychains,Octopus Pair & Evil Eye Keychain Set,,KC_OCTPS_2_Evil_1,2 octopus keychain + 1 evil eye keychain,90,15,319,
Keychains,Sunflower & Peacock Feather Keychain Set,,KC_SF_1_Mor_1,1 flower keychain + 1 peacock feather keychain,40,15,169,
Bag charms,Lily of the Valley Crochet Bag Charm,Pink,charm_pink_1,1 lily charm,20,15,109,
Bag charms,Lily of the Valley Crochet Bag Charm,White,charm_white_1,1 lily charm,20,15,109,
Bag charms,Lily of the Valley Crochet Bag Charm,Pink + white pair,lily_bag_charm_2,2 lily charm,40,15,169,
Flower pots,Sunflower Crochet Flower Pot,,POT_SF_1,1 flower pot,70,20,269,
Flower pots,Daisy Crochet Flower Pot,White,POT_DAISY_01,1 flower pot,70,20,269,
Flower pots,Daisy Crochet Flower Pot,Blue,POT_BLUE_DAISY_01,1 flower pot,70,20,269,
Flower pots,Daisy Crochet Flower Pot,Pink,POT_DSY_Pink_1,1 flower pot,70,20,269,
Hair accessories,Blue Daisy Crochet Hair Set,Headband + clips,HB+HC_BLUE_02,"1 headband + 1 hair clips, pair",,15,349,placeholder: a part has no cost yet
Hair accessories,Blue Daisy Crochet Hair Set,Headband,HB_BLUE,1 headband,50,15,199,
Hair accessories,Blue Daisy Crochet Hair Set,"Clips, pair",HC_BLUE,"1 hair clips, pair",,15,149,placeholder: a part has no cost yet
Hair accessories,Blue Daisy Crochet Hair Set,"Headband, clips + claw clip",HB+CLIP+CLUTCHER_BLUE,"1 headband + 1 hair clips, pair + 1 claw clip",,15,449,placeholder: a part has no cost yet
Hair accessories,"Crochet Flower Hair Clips, Pair",Blue,HC_BLUE_02,"1 hair clips, pair",,15,129,placeholder: a part has no cost yet
Hair accessories,"Crochet Flower Hair Clips, Pair",Pink,HC_PINK_02,"1 hair clips, pair",,15,129,placeholder: a part has no cost yet
Hair accessories,"Crochet Flower Hair Clips, Pair",White,HC_WHITE_02,"1 hair clips, pair",,15,129,placeholder: a part has no cost yet
Hair accessories,"Crochet Flower Hair Clips, Pair",Sunflower,HC_SF_02,"1 hair clips, pair",,15,129,placeholder: a part has no cost yet
Home decor,Sunflower Crochet Curtain Tie-back,,CTie_SF,1 curtain tie-back,50,15,199,
